{
  "version": 1,
  "author": "Anonymous maker",
  "editor": "wokwi",
  "parts": [
    { "type": "board-esp32-devkit-c-v4", "id": "esp", "top": 0, "left": -235.16, "attrs": {} },
    {
      "type": "wokwi-pushbutton",
      "id": "btn1",
      "top": 57,
      "left": -112.2,
      "rotate": 90,
      "attrs": { "color": "green", "xray": "1" }
    },
    { "type": "wokwi-hc-sr04", "id": "ultrasonic1", "top": 20.7, "left": -416.9, "attrs": {} },
    { "type": "wokwi-dht22", "id": "dht1", "top": -18.9, "left": 762.6, "attrs": {} },
    {
      "type": "wokwi-led",
      "id": "led1",
      "top": -22.8,
      "left": -63.4,
      "attrs": { "color": "red" }
    },
    {
      "type": "wokwi-resistor",
      "id": "r1",
      "top": 23.15,
      "left": -115.2,
      "attrs": { "value": "1000" }
    }
  ],
  "connections": [
    [ "esp:TX", "$serialMonitor:RX", "", [] ],
    [ "esp:RX", "$serialMonitor:TX", "", [] ],
    [ "btn1:2.l", "btn1:1.l", "green", [ "h0" ] ],
    [ "btn1:2.r", "btn1:1.r", "green", [ "h0" ] ],
    [ "btn1:2.r", "esp:GND.3", "green", [ "h-19.4", "v-28.6" ] ],
    [ "btn1:2.l", "esp:21", "green", [ "h-19.4", "v28.8" ] ],
    [ "led1:A", "esp:22", "green", [ "v0" ] ],
    [ "led1:C", "r1:2", "green", [ "v0" ] ],
    [ "r1:1", "esp:GND.2", "green", [ "v0" ] ],
    [ "ultrasonic1:VCC", "esp:5V", "red", [ "v28.8", "h67.2", "v57.6" ] ],
    [ "ultrasonic1:GND", "esp:GND.1", "black", [ "v0" ] ],
    [ "ultrasonic1:TRIG", "esp:18", "green", [ "v19.2", "h201.2" ] ],
    [ "ultrasonic1:ECHO", "esp:19", "green", [ "v9.6", "h191.2" ] ]
  ],
  "dependencies": {}
}